X1,name,Gender,Eye color,Race,Hair color,Height,Publisher,Skin color,Alignment,Weight
0,A-Bomb,Male,yellow,Human,No Hair,203,Marvel Comics,-,good,441
1,Abe Sapien,Male,blue,Icthyo Sapien,No Hair,191,Dark Horse Comics,blue,good,65
2,Abin Sur,Male,blue,Ungaran,No Hair,185,DC Comics,red,good,90
3,Abomination,Male,green,Human / Radiation,No Hair,203,Marvel Comics,-,bad,441
4,Abraxas,Male,blue,Cosmic Entity,Black,NA,Marvel Comics,-,bad,NA
5,Absorbing Man,Male,blue,Human,No Hair,193,Marvel Comics,-,bad,122
6,Adam Monroe,Male,blue,-,Blond,NA,NBC - Heroes,-,good,NA
7,Adam Strange,Male,blue,Human,Blond,185,DC Comics,-,good,88
8,Agent 13,Female,blue,-,Blond,173,Marvel Comics,-,good,61
9,Agent Bob,Male,brown,Human,Brown,178,Marvel Comics,-,good,81
10,Agent Zero,Male,-,-,-,191,Marvel Comics,-,good,104
11,Air-Walker,Male,blue,-,White,188,Marvel Comics,-,bad,108
12,Ajax,Male,brown,Cyborg,Black,193,Marvel Comics,-,bad,90
13,Alan Scott,Male,blue,-,Blond,180,DC Comics,-,good,90
14,Alex Mercer,Male,-,Human,-,NA,Wildstorm,-,bad,NA
15,Alex Woolsly,Male,-,-,-,NA,NBC - Heroes,-,good,NA
16,Alfred Pennyworth,Male,blue,Human,Black,178,DC Comics,-,good,72
17,Alien,Male,-,Xenomorph XX121,No Hair,244,Dark Horse Comics,black,bad,169
18,Allan Quatermain,Male,-,-,-,NA,Wildstorm,-,good,NA
19,Amazo,Male,red,Android,-,257,DC Comics,-,bad,173
20,Ammo,Male,brown,Human,Black,188,Marvel Comics,-,bad,101
21,Ando Masahashi,Male,-,-,-,NA,NBC - Heroes,-,good,NA
22,Angel,Male,blue,-,Blond,183,Marvel Comics,-,good,68
23,Angel,Male,-,Vampire,-,NA,Dark Horse Comics,-,good,NA
24,Angel Dust,Female,yellow,Mutant,Black,165,Marvel Comics,-,good,57
25,Angel Salvadore,Female,brown,-,Black,163,Marvel Comics,-,good,54
26,Angela,Female,-,-,-,NA,Image Comics,-,bad,NA
27,Animal Man,Male,blue,Human,Blond,183,DC Comics,-,good,83
28,Annihilus,Male,green,-,No Hair,180,Marvel Comics,-,bad,90
29,Ant-Man,Male,blue,Human,Blond,211,Marvel Comics,-,good,122
30,Ant-Man II,Male,blue,Human,Blond,183,Marvel Comics,-,good,86
31,Anti-Monitor,Male,yellow,God / Eternal,No Hair,61,DC Comics,-,bad,NA
32,Anti-Spawn,Male,-,-,-,NA,Image Comics,-,bad,NA
33,Anti-Venom,Male,blue,Symbiote,Blond,229,Marvel Comics,-,-,358
34,Apocalypse,Male,red,Mutant,Black,213,Marvel Comics,grey,bad,135
35,Aquababy,Male,blue,-,Blond,NA,DC Comics,-,good,NA
36,Aqualad,Male,blue,Atlantean,Black,178,DC Comics,-,good,106
37,Aquaman,Male,blue,Atlantean,Blond,185,DC Comics,-,good,146
38,Arachne,Female,blue,Human,Blond,175,Marvel Comics,-,good,63
39,Archangel,Male,blue,Mutant,Blond,183,Marvel Comics,blue,good,68
40,Arclight,Female,violet,-,Purple,173,Marvel Comics,-,bad,57
41,Ardina,Female,white,Alien,Orange,193,Marvel Comics,gold,good,98
42,Ares,Male,brown,-,Brown,185,Marvel Comics,-,good,270
43,Ariel,Female,purple,-,Pink,165,Marvel Comics,-,good,59
44,Armor,Female,black,-,Black,163,Marvel Comics,-,good,50
45,Arsenal,Male,-,Human,-,NA,DC Comics,-,good,NA
46,Astro Boy,Male,brown,-,Black,NA,(Missing),-,good,NA
47,Atlas,Male,brown,Mutant,Red,183,Marvel Comics,-,good,101
48,Atlas,Male,blue,God / Eternal,Brown,198,DC Comics,-,bad,126
49,Atom,Male,blue,-,Red,178,DC Comics,-,good,68
50,Atom,Male,-,-,-,NA,DC Comics,-,good,NA
51,Atom Girl,Female,black,-,Black,168,DC Comics,-,good,54
52,Atom II,Male,brown,Human,Auburn,183,DC Comics,-,good,81
53,Atom III,Male,-,-,Red,NA,DC Comics,-,good,NA
54,Atom IV,Male,brown,-,Black,NA,DC Comics,-,good,72
55,Aurora,Female,blue,Mutant,Black,180,Marvel Comics,-,good,63
56,Azazel,Male,yellow,Neyaphem,Black,183,Marvel Comics,red,bad,67
57,Azrael,Male,brown,Human,Black,NA,DC Comics,-,good,NA
58,Aztar,Male,-,-,-,NA,DC Comics,-,good,NA
59,Bane,Male,-,Human,-,203,DC Comics,-,bad,180
60,Banshee,Male,green,Human,Strawberry Blond,183,Marvel Comics,-,good,77
61,Bantam,Male,brown,-,Black,165,Marvel Comics,-,good,54
62,Batgirl,Female,-,-,-,NA,DC Comics,-,good,NA
63,Batgirl,Female,green,Human,Red,170,DC Comics,-,good,57
64,Batgirl III,Female,-,-,-,NA,DC Comics,-,good,NA
65,Batgirl IV,Female,green,Human,Black,165,DC Comics,-,good,52
66,Batgirl V,Female,-,-,-,NA,DC Comics,-,good,NA
67,Batgirl VI,Female,blue,-,Blond,168,DC Comics,-,good,61
68,Batman,Male,blue,Human,black,188,DC Comics,-,good,95
69,Batman,Male,blue,Human,Black,178,DC Comics,-,good,77
70,Batman II,Male,blue,Human,Black,178,DC Comics,-,good,79
71,Battlestar,Male,brown,-,Black,198,Marvel Comics,-,good,133
72,Batwoman V,Female,green,Human,Red,178,DC Comics,-,good,NA
73,Beak,Male,black,-,White,175,Marvel Comics,-,good,63
74,Beast,Male,blue,Mutant,Blue,180,Marvel Comics,blue,good,181
75,Beast Boy,Male,green,Human,Green,173,DC Comics,green,good,68
76,Beetle,Male,-,-,-,NA,Marvel Comics,-,bad,NA
77,Ben 10,Male,-,-,-,NA,DC Comics,-,good,NA
78,Beta Ray Bill,Male,-,-,No Hair,201,Marvel Comics,-,good,216
79,Beyonder,Male,-,God / Eternal,-,NA,Marvel Comics,-,good,NA
80,Big Barda,Female,blue,New God,Black,188,DC Comics,-,bad,135
81,Big Daddy,Male,-,-,-,NA,Icon Comics,-,good,NA
82,Big Man,Male,blue,-,Brown,165,Marvel Comics,-,bad,71
83,Bill Harken,Male,-,Alpha,-,NA,SyFy,-,good,NA
84,Billy Kincaid,Male,-,-,-,NA,Image Comics,-,bad,NA
85,Binary,Female,blue,-,Blond,180,Marvel Comics,-,good,54
86,Bionic Woman,Female,blue,Cyborg,Black,NA,(Missing),-,good,NA
87,Bird-Brain,-,-,-,-,NA,Marvel Comics,-,good,NA
88,Bird-Man,Male,-,Human,-,NA,Marvel Comics,-,bad,NA
89,Bird-Man II,Male,-,Human,-,NA,Marvel Comics,-,bad,NA
90,Birdman,Male,-,God / Eternal,-,NA,Hanna-Barbera,-,good,NA
91,Bishop,Male,brown,Mutant,No Hair,198,Marvel Comics,-,good,124
92,Bizarro,Male,black,Bizarro,Black,191,DC Comics,white,neutral,155
93,Black Abbott,Male,red,-,Black,NA,Marvel Comics,-,bad,NA
94,Black Adam,Male,brown,-,Black,191,DC Comics,-,bad,113
95,Black Bolt,Male,blue,Inhuman,Black,188,Marvel Comics,-,good,95
96,Black Canary,Female,blue,Human,Blond,165,DC Comics,-,good,58
97,Black Canary,Female,blue,Metahuman,Blond,170,DC Comics,-,good,59
98,Black Cat,Female,green,Human,Blond,178,Marvel Comics,-,good,54
99,Black Flash,Male,-,God / Eternal,-,NA,DC Comics,-,neutral,NA
100,Black Goliath,Male,-,-,-,NA,Marvel Comics,-,good,NA
101,Black Knight III,Male,brown,Human,Brown,183,Marvel Comics,-,good,86
102,Black Lightning,Male,brown,-,No Hair,185,DC Comics,-,good,90
103,Black Mamba,Female,green,-,Black,170,Marvel Comics,-,bad,52
104,Black Manta,Male,black,Human,No Hair,188,DC Comics,-,bad,92
105,Black Panther,Male,brown,Human,Black,183,Marvel Comics,-,good,90
106,Black Widow,Female,green,Human,Auburn,170,Marvel Comics,-,good,59
107,Black Widow II,Female,blue,-,Blond,170,Marvel Comics,-,good,61
108,Blackout,Male,red,Demon,White,191,Marvel Comics,white,bad,104
109,Blackwing,Male,blue,-,Black,185,Marvel Comics,-,bad,86
110,Blackwulf,Male,red,Alien,White,188,Marvel Comics,-,-,88
111,Blade,Male,brown,Vampire,Black,188,Marvel Comics,-,good,97
112,Blaquesmith,-,black,-,No Hair,NA,Marvel Comics,-,good,NA
113,Bling!,Female,-,-,-,168,Marvel Comics,-,good,68
114,Blink,Female,green,Mutant,Magenta,165,Marvel Comics,pink,good,56
115,Blizzard,Male,-,-,-,NA,Marvel Comics,-,bad,NA
116,Blizzard,Male,-,-,Brown,NA,Marvel Comics,-,bad,NA
117,Blizzard II,Male,brown,-,Brown,175,Marvel Comics,-,bad,77
118,Blob,Male,brown,-,Brown,178,Marvel Comics,-,bad,230
119,Bloodaxe,Female,blue,Human,Brown,218,Marvel Comics,-,bad,495
120,Bloodhawk,Male,black,Mutant,No Hair,NA,Marvel Comics,-,good,NA
121,Bloodwraith,Male,white,-,No Hair,30.5,Marvel Comics,-,bad,NA
122,Blue Beetle,Male,blue,-,Brown,NA,DC Comics,-,good,NA
123,Blue Beetle,Male,-,-,-,NA,DC Comics,-,good,NA
124,Blue Beetle II,Male,blue,-,Brown,183,DC Comics,-,good,86
125,Blue Beetle III,Male,brown,Human,Black,NA,DC Comics,-,good,NA
126,Boba Fett,Male,brown,Human / Clone,Black,183,George Lucas,-,bad,NA
127,Bolt,Male,-,-,-,NA,Marvel Comics,-,good,NA
128,Bomb Queen,Female,-,-,-,NA,Image Comics,-,bad,NA
129,Boom-Boom,Female,blue,Mutant,Blond,165,Marvel Comics,-,good,55
130,Boomer,Female,-,-,-,NA,Marvel Comics,-,good,NA
131,Booster Gold,Male,blue,Human,Blond,196,DC Comics,-,good,97
132,Box,Male,-,-,-,NA,Marvel Comics,-,good,NA
133,Box III,-,blue,-,Blond,193,Marvel Comics,-,good,110
134,Box IV,-,brown,-,Brown / Black,NA,Marvel Comics,-,good,NA
135,Brainiac,Male,green,Android,No Hair,198,DC Comics,green,bad,135
136,Brainiac 5,Male,green,-,Blond,170,DC Comics,-,good,61
137,Brother Voodoo,Male,brown,Human,Brown / White,183,Marvel Comics,-,good,99
138,Brundlefly,Male,-,Mutant,-,193,(Missing),-,-,NA
139,Buffy,Female,green,Human,Blond,157,Dark Horse Comics,-,good,52
140,Bullseye,Male,blue,Human,blond,183,Marvel Comics,-,bad,90
141,Bumblebee,Female,brown,Human,Black,170,DC Comics,-,good,59
142,Bumbleboy,Male,-,-,-,NA,Marvel Comics,-,good,NA
143,Bushido,Male,-,Human,-,NA,DC Comics,-,good,NA
144,Cable,Male,blue,Mutant,White,203,Marvel Comics,-,good,158
145,Callisto,Female,blue,-,Black,175,Marvel Comics,-,bad,74
146,Cameron Hicks,Male,-,Alpha,-,NA,SyFy,-,good,NA
147,Cannonball,Male,blue,-,Blond,183,Marvel Comics,-,good,81
148,Captain America,Male,blue,Human,blond,188,Marvel Comics,-,good,108
149,Captain Atom,Male,blue,Human / Radiation,Silver,193,DC Comics,silver,good,90
150,Captain Britain,Male,blue,Human,Blond,198,Marvel Comics,-,good,116
151,Captain Cold,Male,brown,Human,Brown,NA,DC Comics,-,neutral,NA
152,Captain Epic,Male,blue,-,Brown,188,Team Epic TV,-,good,NA
153,Captain Hindsight,Male,-,Human,Black,NA,South Park,-,good,NA
154,Captain Mar-vell,Male,blue,-,Blond,188,Marvel Comics,-,good,108
155,Captain Marvel,Female,blue,Human-Kree,Blond,180,Marvel Comics,-,good,74
156,Captain Marvel,Male,blue,Human,Black,193,DC Comics,-,good,101
157,Captain Marvel II,Male,blue,Human,Black,175,DC Comics,-,good,74
158,Captain Midnight,Male,-,Human,-,NA,Dark Horse Comics,-,good,NA
159,Captain Planet,Male,red,God / Eternal,Green,NA,Marvel Comics,-,good,NA
160,Captain Universe,-,-,God / Eternal,-,NA,Marvel Comics,-,good,NA
161,Carnage,Male,green,Symbiote,Red,185,Marvel Comics,-,bad,86
162,Cat,Female,blue,-,Blond,173,Marvel Comics,-,good,61
163,Cat II,Female,-,-,-,NA,Marvel Comics,-,good,NA
164,Catwoman,Female,green,Human,Black,175,DC Comics,-,good,61
165,Cecilia Reyes,-,brown,-,Brown,170,Marvel Comics,-,good,62
166,Century,Male,white,Alien,White,201,Marvel Comics,grey,good,97
167,Cerebra,Female,-,Mutant,-,NA,Marvel Comics,-,good,NA
168,Chamber,Male,brown,Mutant,Brown,175,Marvel Comics,-,good,63
169,Chameleon,Male,-,-,-,NA,DC Comics,-,bad,NA
170,Changeling,Male,brown,-,Black,180,Marvel Comics,-,bad,81
171,Cheetah,Female,green,Human,Blond,163,DC Comics,-,bad,50
172,Cheetah II,Female,green,Human,Brown,170,DC Comics,-,bad,55
173,Cheetah III,Female,brown,Human,Brown,175,DC Comics,-,bad,54
174,Chromos,Male,brown,-,Red / Grey,185,Team Epic TV,-,bad,86
175,Chuck Norris,Male,-,-,-,178,(Missing),-,good,NA
176,Citizen Steel,Male,green,Human,Red,183,DC Comics,-,good,170
177,Claire Bennet,Female,blue,-,Blond,NA,NBC - Heroes,-,good,NA
178,Clea,-,-,-,White,NA,Marvel Comics,-,good,NA
179,Cloak,Male,brown,-,black,226,Marvel Comics,-,good,70
180,Clock King,Male,blue,Human,Black,178,DC Comics,-,bad,78
181,Cogliostro,Male,-,-,-,NA,Image Comics,-,bad,NA
182,Colin Wagner,Male,grey,-,Brown,NA,HarperCollins,-,good,NA
183,Colossal Boy,Male,-,-,-,NA,DC Comics,-,good,NA
184,Colossus,Male,silver,Mutant,Black,226,Marvel Comics,-,good,225
185,Copycat,Female,red,Mutant,White,183,Marvel Comics,blue,neutral,67
186,Corsair,Male,brown,-,Brown,191,Marvel Comics,-,good,79
187,Cottonmouth,Male,brown,Human,Black,183,Marvel Comics,-,bad,99
188,Crimson Crusader,Male,blue,-,Strawberry Blond,NA,Marvel Comics,-,good,NA
189,Crimson Dynamo,Male,brown,-,No Hair,180,Marvel Comics,-,good,104
190,Crystal,Female,green,Inhuman,Red,168,Marvel Comics,-,good,50
191,Curse,Male,-,-,-,NA,Image Comics,-,bad,NA
192,Cy-Gor,Male,-,-,-,NA,Image Comics,-,bad,NA
193,Cyborg,Male,brown,Cyborg,Black,198,DC Comics,-,good,173
194,Cyborg Superman,Male,blue,Cyborg,Black,NA,DC Comics,-,bad,NA
195,Cyclops,Male,brown,Mutant,Brown,191,Marvel Comics,-,good,88
196,Cypher,-,blue,-,Blond,175,Marvel Comics,-,good,68
197,Dagger,Female,blue,-,Blond,165,Marvel Comics,-,good,52
198,Danny Cooper,Male,brown,-,Blond,NA,HarperCollins,-,good,NA
199,Daphne Powell,Female,-,-,-,NA,ABC Studios,-,good,NA
200,Daredevil,Male,blue,Human,Red,183,Marvel Comics,-,good,90
201,Darkhawk,Male,brown,Human,Brown,185,Marvel Comics,-,good,81
202,Darkman,Male,-,-,-,NA,Universal Studios,-,good,NA
203,Darkseid,Male,red,New God,No Hair,267,DC Comics,grey,bad,817
204,Darkside,-,-,-,-,NA,(Missing),-,bad,NA
205,Darkstar,Female,brown,Mutant,Blond,168,Marvel Comics,-,good,56
206,Darth Maul,Male,yellow / red,Dathomirian Zabrak,-,170,George Lucas,red / black,bad,NA
207,Darth Vader,Male,yellow,Cyborg,No Hair,198,George Lucas,-,bad,135
208,Dash,Male,blue,Human,Blond,122,Dark Horse Comics,-,good,27
209,Data,Male,yellow,Android,Brown,NA,Star Trek,-,good,NA
210,Dazzler,Female,blue,Mutant,Blond,173,Marvel Comics,-,good,52
211,Deadman,Male,blue,Human,Black,183,DC Comics,-,good,90
212,Deadpool,Male,brown,Mutant,No Hair,188,Marvel Comics,-,neutral,95
213,Deadshot,Male,brown,Human,Brown,185,DC Comics,-,bad,91
214,Deathlok,Male,brown,Cyborg,Grey,193,Marvel Comics,-,good,178
215,Deathstroke,Male,blue,Human,White,193,DC Comics,-,neutral,101
216,Demogoblin,Male,red,Demon,No Hair,185,Marvel Comics,-,bad,95
217,Destroyer,Male,-,-,-,188,Marvel Comics,-,bad,383
218,Diamondback,Male,brown,Human,Black,193,Marvel Comics,-,bad,90
219,DL Hawkins,Male,-,-,-,NA,NBC - Heroes,-,good,NA
220,Doc Samson,Male,blue,Human / Radiation,Green,198,Marvel Comics,-,good,171
221,Doctor Doom,Male,brown,Human,Brown,201,Marvel Comics,-,bad,187
222,Doctor Doom II,Male,brown,-,Brown,201,Marvel Comics,-,bad,132
223,Doctor Fate,Male,blue,Human,Blond,188,DC Comics,-,good,89
224,Doctor Octopus,Male,brown,Human,Brown,175,Marvel Comics,-,bad,110
225,Doctor Strange,Male,grey,Human,Black,188,Marvel Comics,-,good,81
226,Domino,Female,blue,Human,Black,173,Marvel Comics,white,good,54
227,Donatello,Male,green,Mutant,No Hair,NA,IDW Publishing,green,good,NA
228,Donna Troy,Female,blue,Amazon,Black,175,DC Comics,-,good,63
229,Doomsday,Male,red,Alien,White,244,DC Comics,-,bad,412
230,Doppelganger,Male,white,-,No Hair,196,Marvel Comics,-,bad,104
231,Dormammu,Male,yellow,-,No Hair,185,Marvel Comics,-,bad,NA
232,Dr Manhattan,Male,white,Human / Cosmic,No Hair,NA,DC Comics,blue,good,NA
233,Drax the Destroyer,Male,red,Human / Altered,No Hair,193,Marvel Comics,green,good,306
234,Ego,-,-,-,-,NA,Marvel Comics,-,bad,NA
235,Elastigirl,Female,brown,Human,Brown,168,Dark Horse Comics,-,good,56
236,Electro,Male,blue,Human,Auburn,180,Marvel Comics,-,bad,74
237,Elektra,Female,blue,Human,Black,175,Marvel Comics,-,good,59
238,Elle Bishop,Female,blue,-,Blond,NA,NBC - Heroes,-,bad,NA
239,Elongated Man,Male,blue,-,Red,185,DC Comics,-,good,80
240,Emma Frost,Female,blue,-,Blond,178,Marvel Comics,-,good,65
241,Enchantress,Female,blue,Human,Blond,168,DC Comics,-,good,57
242,Energy,Female,-,-,-,NA,HarperCollins,-,good,NA
243,ERG-1,Male,-,-,-,NA,DC Comics,-,good,NA
244,Ethan Hunt,Male,brown,Human,Brown,168,(Missing),-,good,NA
245,Etrigan,Male,red,Demon,No Hair,193,DC Comics,yellow,neutral,203
246,Evil Deadpool,Male,white,Mutant,Red,188,Marvel Comics,-,bad,95
247,Evilhawk,Male,red,Alien,Black,191,Marvel Comics,green,bad,106
248,Exodus,Male,blue,Mutant,Black,183,Marvel Comics,red,bad,88
249,Fabian Cortez,-,blue,-,Brown,196,Marvel Comics,-,bad,96
250,Falcon,Male,brown,Human,Black,188,Marvel Comics,-,good,108
251,Fallen One II,Male,black,-,Blue,NA,Marvel Comics,-,bad,NA
252,Faora,Female,-,Kryptonian,-,NA,DC Comics,-,bad,NA
253,Feral,-,yellow (without irises),-,Orange / White,175,Marvel Comics,-,good,50
254,Fighting Spirit,Female,-,-,Red,NA,DC Comics,-,good,NA
255,Fin Fang Foom,Male,red,Kakarantharaian,No Hair,975,Marvel Comics,green,good,18
256,Firebird,Female,brown,-,Black,165,Marvel Comics,-,good,56
257,Firelord,-,white,-,Yellow,193,Marvel Comics,-,good,99
258,Firestar,Female,green,Mutant,Red,173,Marvel Comics,-,good,56
259,Firestorm,Male,brown,-,Black,NA,DC Comics,-,good,NA
260,Firestorm,Male,blue,Human,Auburn,188,DC Comics,-,good,91
261,Fixer,-,red,-,No Hair,NA,Marvel Comics,-,bad,NA
262,Flash,Male,blue,Human,Brown / White,180,DC Comics,-,good,81
263,Flash Gordon,Male,-,-,-,NA,(Missing),-,good,NA
264,Flash II,Male,blue,Human,Blond,183,DC Comics,-,good,88
265,Flash III,Male,-,Human,-,183,DC Comics,-,good,86
266,Flash IV,Male,yellow,Human,Auburn,157,DC Comics,-,good,52
267,Forge,-,brown,-,Black,183,Marvel Comics,-,good,81
268,Franklin Richards,Male,blue,Mutant,Blond,142,Marvel Comics,-,good,45
269,Franklin Storm,-,blue,-,Grey,188,Marvel Comics,-,good,92
270,Frenzy,Female,brown,-,Black,211,Marvel Comics,-,bad,104
271,Frigga,Female,blue,-,White,180,Marvel Comics,-,good,167
272,Galactus,Male,black,Cosmic Entity,Black,876,Marvel Comics,-,neutral,16
273,Gambit,Male,red,Mutant,Brown,185,Marvel Comics,-,good,81
274,Gamora,Female,yellow,Zen-Whoberian,Black,183,Marvel Comics,green,good,77
275,Garbage Man,Male,-,Mutant,-,NA,DC Comics,-,good,NA
276,Gary Bell,Male,-,Alpha,-,NA,SyFy,-,good,NA
277,General Zod,Male,black,Kryptonian,Black,NA,DC Comics,-,bad,NA
278,Genesis,Male,blue,-,Blond,185,Marvel Comics,-,good,86
279,Ghost Rider,Male,red,Demon,No Hair,188,Marvel Comics,-,good,99
280,Ghost Rider II,-,-,-,-,NA,Marvel Comics,-,good,NA
281,Giant-Man,Male,-,Human,-,NA,Marvel Comics,-,good,NA
282,Giant-Man II,Male,-,-,-,NA,Marvel Comics,-,good,NA
283,Giganta,Female,green,-,Red,62.5,DC Comics,-,bad,630
284,Gladiator,Male,blue,Strontian,Blue,198,Marvel Comics,purple,neutral,268
285,Goblin Queen,Female,green,-,Red,168,Marvel Comics,-,bad,50
286,Godzilla,-,-,Kaiju,-,108,(Missing),grey,bad,NA
287,Gog,Male,-,-,-,NA,DC Comics,-,bad,NA
288,Goku,Male,-,Saiyan,-,175,Shueisha,-,good,62
289,Goliath,Male,-,-,-,NA,Marvel Comics,-,good,NA
290,Goliath,Male,-,Human,-,NA,Marvel Comics,-,good,NA
291,Goliath,Male,-,Human,-,NA,Marvel Comics,-,good,NA
292,Goliath IV,Male,brown,-,Black,183,Marvel Comics,-,good,90
293,Gorilla Grodd,Male,yellow,Gorilla,Black,198,DC Comics,-,bad,270
294,Granny Goodness,Female,blue,-,White,178,DC Comics,-,bad,115
295,Gravity,Male,blue,Human,Brown,178,Marvel Comics,-,good,79
296,Greedo,Male,purple,Rodian,-,170,George Lucas,green,bad,NA
297,Green Arrow,Male,green,Human,Blond,188,DC Comics,-,good,88
298,Green Goblin,Male,blue,Human,Auburn,180,Marvel Comics,-,bad,83
299,Green Goblin II,Male,blue,-,Auburn,178,Marvel Comics,-,bad,77
300,Green Goblin III,Male,-,-,-,183,Marvel Comics,-,good,88
301,Green Goblin IV,Male,green,-,Brown,178,Marvel Comics,-,good,79
302,Groot,Male,yellow,Flora Colossus,-,701,Marvel Comics,-,good,4
303,Guardian,Male,brown,Human,Black,NA,Marvel Comics,-,good,NA
304,Guy Gardner,Male,blue,Human-Vuldarian,Red,188,DC Comics,-,good,95
305,Hal Jordan,Male,brown,Human,Brown,188,DC Comics,-,good,90
306,Han Solo,Male,brown,Human,Brown,183,George Lucas,-,good,79
307,Hancock,Male,brown,Human,Black,188,Sony Pictures,-,good,NA
308,Harley Quinn,Female,blue,Human,Blond,170,DC Comics,-,bad,63
309,Harry Potter,Male,green,Human,Black,NA,J. K. Rowling,-,good,NA
310,Havok,Male,blue,Mutant,Blond,183,Marvel Comics,-,good,79
311,Hawk,Male,red,-,Brown,185,DC Comics,-,good,89
312,Hawkeye,Male,blue,Human,Blond,191,Marvel Comics,-,good,104
313,Hawkeye II,Female,blue,Human,Black,165,Marvel Comics,-,good,57
314,Hawkgirl,Female,green,-,Red,175,DC Comics,-,good,61
315,Hawkman,Male,blue,-,Brown,185,DC Comics,-,good,88
316,Hawkwoman,Female,green,-,Red,175,DC Comics,-,good,54
317,Hawkwoman II,Female,-,-,-,NA,DC Comics,-,good,NA
318,Hawkwoman III,Female,blue,-,Red,170,DC Comics,-,good,65
319,Heat Wave,Male,blue,Human,No Hair,180,DC Comics,-,bad,81
320,Hela,Female,green,Asgardian,Black,213,Marvel Comics,-,bad,225
321,Hellboy,Male,gold,Demon,Black,259,Dark Horse Comics,-,good,158
322,Hellcat,Female,blue,Human,Red,173,Marvel Comics,-,good,61
323,Hellstorm,Male,red,-,Red,185,Marvel Comics,-,good,81
324,Hercules,Male,blue,Demi-God,Brown,196,Marvel Comics,-,good,146
325,Hiro Nakamura,Male,-,-,-,NA,NBC - Heroes,-,good,NA
326,Hit-Girl,Female,-,Human,-,NA,Icon Comics,-,good,NA
327,Hobgoblin,Male,blue,-,Grey,180,Marvel Comics,-,bad,83
328,Hollow,Female,blue,-,Red,170,Marvel Comics,-,good,NA
329,Hope Summers,Female,green,-,Red,168,Marvel Comics,-,good,48
330,Howard the Duck,Male,brown,-,Yellow,79,Marvel Comics,-,good,18
331,Hulk,Male,green,Human / Radiation,Green,244,Marvel Comics,green,good,630
332,Human Torch,Male,blue,Human / Radiation,Blond,178,Marvel Comics,-,good,77
333,Huntress,Female,blue,-,Black,180,DC Comics,-,good,59
334,Husk,Female,blue,Mutant,Blond,170,Marvel Comics,-,good,58
335,Hybrid,Male,brown,Symbiote,Black,175,Marvel Comics,-,good,77
336,Hydro-Man,Male,brown,-,Brown,188,Marvel Comics,-,bad,119
337,Hyperion,Male,blue,Eternal,Red,183,Marvel Comics,-,good,207
338,Iceman,Male,brown,Mutant,Brown,173,Marvel Comics,-,good,65
339,Impulse,Male,yellow,Human,Auburn,170,DC Comics,-,good,65
340,Indiana Jones,Male,-,Human,-,183,George Lucas,-,good,79
341,Indigo,Female,-,Alien,Purple,NA,DC Comics,-,neutral,NA
342,Ink,Male,blue,Mutant,No Hair,180,Marvel Comics,-,good,81
343,Invisible Woman,Female,blue,Human / Radiation,Blond,168,Marvel Comics,-,good,54
344,Iron Fist,Male,blue,Human,Blond,180,Marvel Comics,-,good,79
345,Iron Man,Male,blue,Human,Black,198,Marvel Comics,-,good,191
346,Iron Monger,Male,blue,-,No Hair,NA,Marvel Comics,-,bad,2
347,Isis,Female,-,-,-,NA,DC Comics,-,good,NA
348,Jack Bauer,Male,-,-,-,NA,(Missing),-,good,NA
349,Jack of Hearts,Male,blue / white,Human,Brown,155,Marvel Comics,-,good,79
350,Jack-Jack,Male,blue,Human,Brown,71,Dark Horse Comics,-,good,14
351,James Bond,Male,blue,Human,Blond,183,Titan Books,-,good,NA
352,James T. Kirk,Male,hazel,Human,Brown,178,Star Trek,-,good,77
353,Jar Jar Binks,Male,yellow,Gungan,-,193,George Lucas,orange / white,good,NA
354,Jason Bourne,Male,-,Human,-,NA,(Missing),-,good,NA
355,Jean Grey,Female,green,Mutant,Red,168,Marvel Comics,-,good,52
356,Jean-Luc Picard,Male,-,Human,-,NA,Star Trek,-,good,NA
357,Jennifer Kale,Female,blue,-,Blond,168,Marvel Comics,-,good,55
358,Jesse Quick,Female,-,Human,-,NA,DC Comics,-,good,NA
359,Jessica Cruz,Female,green,Human,Brown,NA,DC Comics,-,good,NA
360,Jessica Jones,Female,brown,Human,Brown,170,Marvel Comics,-,good,56
361,Jessica Sanders,Female,-,-,-,NA,NBC - Heroes,-,good,NA
362,Jigsaw,Male,blue,-,Black,188,Marvel Comics,-,bad,113
363,Jim Powell,Male,-,-,-,NA,ABC Studios,-,good,NA
364,JJ Powell,Male,-,-,-,NA,ABC Studios,-,good,NA
365,Johann Krauss,Male,-,-,-,NA,Dark Horse Comics,-,good,NA
366,John Constantine,Male,blue,Human,Blond,183,DC Comics,-,good,NA
367,John Stewart,Male,green,Human,Black,185,DC Comics,-,good,90
368,John Wraith,Male,brown,-,Black,183,Marvel Comics,-,good,88
369,Joker,Male,green,Human,Green,196,DC Comics,white,bad,86
370,Jolt,Female,blue,-,Black,165,Marvel Comics,-,good,49
371,Jubilee,Female,red,Mutant,Black,165,Marvel Comics,-,good,52
372,Judge Dredd,Male,-,Human,-,188,Rebellion,-,good,NA
373,Juggernaut,Male,blue,Human,Red,287,Marvel Comics,-,neutral,855
374,Junkpile,Male,-,Mutant,-,NA,Marvel Comics,-,bad,NA
375,Justice,Male,hazel,Human,Brown,178,Marvel Comics,-,good,81
376,Jyn Erso,Female,green,Human,Brown,NA,George Lucas,-,good,NA
377,K-2SO,Male,white,Android,No Hair,213,George Lucas,gray,good,NA
378,Kang,Male,brown,-,Brown,191,Marvel Comics,-,bad,104
379,Karate Kid,Male,brown,Human,Brown,173,DC Comics,-,good,72
380,Kathryn Janeway,Female,-,Human,-,NA,Star Trek,-,good,NA
381,Katniss Everdeen,Female,-,Human,-,NA,(Missing),-,good,NA
382,Kevin 11,Male,-,Human,Black,NA,DC Comics,-,good,NA
383,Kick-Ass,Male,blue,Human,Blond,NA,Icon Comics,-,good,NA
384,Kid Flash,Male,green,Human,Red,NA,DC Comics,-,good,NA
385,Kid Flash II,Male,-,-,-,NA,DC Comics,-,good,NA
386,Killer Croc,Male,red,Metahuman,No Hair,244,DC Comics,green,bad,356
387,Killer Frost,Female,blue,Human,Blond,NA,DC Comics,blue,bad,NA
388,Kilowog,Male,red,Bolovaxian,No Hair,234,DC Comics,pink,good,324
389,King Kong,Male,yellow,Animal,Black,30.5,(Missing),-,good,NA
390,King Shark,Male,black,Animal,No Hair,NA,DC Comics,-,bad,NA
391,Kingpin,Male,blue,Human,No Hair,201,Marvel Comics,-,bad,203
392,Klaw,Male,red,Human,No Hair,188,Marvel Comics,red,bad,97
393,Kool-Aid Man,Male,black,-,No Hair,NA,(Missing),red,good,NA
394,Kraven II,Male,brown,Human,Black,191,Marvel Comics,-,bad,99
395,Kraven the Hunter,Male,brown,Human,Black,183,Marvel Comics,-,bad,106
396,Krypto,Male,blue,Kryptonian,White,64,DC Comics,-,good,18
397,Kyle Rayner,Male,green,Human,Black,180,DC Comics,-,good,79
398,Kylo Ren,Male,-,Human,-,NA,George Lucas,-,bad,NA
399,Lady Bullseye,Female,-,-,Black,NA,Marvel Comics,-,bad,NA
400,Lady Deathstrike,Female,brown,Cyborg,Black,175,Marvel Comics,-,bad,58
401,Leader,Male,green,-,No Hair,178,Marvel Comics,-,bad,63
402,Leech,Male,-,-,-,NA,Marvel Comics,-,good,NA
403,Legion,Male,green / blue,Mutant,Black,175,Marvel Comics,-,good,59
404,Leonardo,Male,blue,Mutant,No Hair,NA,IDW Publishing,green,good,NA
405,Lex Luthor,Male,green,Human,No Hair,188,DC Comics,-,bad,95
406,Light Lass,Female,blue,-,Red,165,DC Comics,-,good,54
407,Lightning Lad,Male,blue,-,Red,155,DC Comics,-,good,65
408,Lightning Lord,Male,blue,-,Red,191,DC Comics,-,bad,95
409,Living Brain,-,yellow,-,-,198,Marvel Comics,-,bad,360
410,Living Tribunal,-,blue,Cosmic Entity,No Hair,NA,Marvel Comics,gold,neutral,NA
411,Liz Sherman,Female,-,-,-,NA,Dark Horse Comics,-,good,NA
412,Lizard,Male,red,Human,No Hair,203,Marvel Comics,-,bad,230
413,Lobo,Male,red,Czarnian,Black,229,DC Comics,blue-white,neutral,288
414,Loki,Male,green,Asgardian,Black,193,Marvel Comics,-,bad,236
415,Longshot,Male,blue,Human,Blond,188,Marvel Comics,-,good,36
416,Luke Cage,Male,brown,Human,Black,198,Marvel Comics,-,good,191
417,Luke Campbell,Male,-,-,-,NA,NBC - Heroes,-,bad,NA
418,Luke Skywalker,Male,blue,Human,Blond,168,George Lucas,-,good,77
419,Luna,Female,-,Human,-,NA,Marvel Comics,-,good,NA
420,Lyja,Female,green,-,Green,NA,Marvel Comics,-,good,NA
421,Mach-IV,Male,brown,-,Brown,180,Marvel Comics,-,bad,79
422,Machine Man,-,red,-,Black,183,Marvel Comics,-,good,383
423,Magneto,Male,grey,Mutant,White,188,Marvel Comics,-,bad,86
424,Magog,Male,blue,-,Blond,NA,DC Comics,-,good,NA
425,Magus,Male,black,-,-,183,Marvel Comics,-,bad,NA
426,Man of Miracles,-,blue,God / Eternal,Silver,NA,Image Comics,-,-,NA
427,Man-Bat,Male,brown,Human,Brown,NA,DC Comics,-,neutral,NA
428,Man-Thing,Male,red,-,No Hair,213,Marvel Comics,green,good,225
429,Man-Wolf,Male,brown,-,Auburn,188,Marvel Comics,-,good,90
430,Mandarin,Male,blue,Human,White,188,Marvel Comics,-,bad,97
431,Mantis,Female,green,Human-Kree,Black,168,Marvel Comics,green,good,52
432,Martian Manhunter,Male,red,Martian,No Hair,201,DC Comics,green,good,135
433,Marvel Girl,Female,green,-,Red,170,Marvel Comics,-,good,56
434,Master Brood,Male,blue,-,Black,183,Team Epic TV,-,good,81
435,Master Chief,Male,brown,Human / Altered,Brown,213,Microsoft,-,good,NA
436,Match,Male,black,-,Black,NA,DC Comics,-,bad,NA
437,Matt Parkman,Male,-,-,-,NA,NBC - Heroes,-,good,NA
438,Maverick,Male,blue,-,Black,193,Marvel Comics,-,good,110
439,Maxima,Female,brown,-,Red,180,DC Comics,-,bad,72
440,Maya Herrera,Female,-,-,-,NA,NBC - Heroes,-,good,NA
441,Medusa,Female,green,Inhuman,Red,180,Marvel Comics,-,good,59
442,Meltdown,Female,blue,-,Blond,165,Marvel Comics,-,good,54
443,Mephisto,Male,white,-,Black,198,Marvel Comics,-,bad,140
444,Mera,Female,blue,Atlantean,Red,175,DC Comics,-,good,72
445,Metallo,Male,green,Android,Brown,196,DC Comics,-,bad,90
446,Metamorpho,Male,black,-,No Hair,185,DC Comics,-,good,90
447,Meteorite,Female,-,-,-,NA,Marvel Comics,-,good,NA
448,Metron,Male,blue,-,Black,185,DC Comics,-,good,86
449,Micah Sanders,Male,brown,-,Black,NA,NBC - Heroes,-,good,NA
450,Michelangelo,Male,blue,Mutant,-,NA,IDW Publishing,green,good,NA
451,Micro Lad,Male,grey,-,Brown,183,DC Comics,-,good,77
452,Mimic,Male,brown,-,Brown,188,Marvel Comics,-,good,101
453,Minna Murray,Female,-,-,-,NA,Wildstorm,-,good,NA
454,Misfit,Female,blue,-,Red,NA,DC Comics,-,good,NA
455,Miss Martian,Female,red,-,Red,178,DC Comics,-,good,61
456,Mister Fantastic,Male,brown,Human / Radiation,Brown,185,Marvel Comics,-,good,81
457,Mister Freeze,Male,-,Human,-,183,DC Comics,-,bad,86
458,Mister Knife,Male,blue,Spartoi,Brown,NA,Marvel Comics,-,bad,NA
459,Mister Mxyzptlk,Male,-,God / Eternal,-,NA,DC Comics,-,bad,NA
460,Mister Sinister,Male,red,Human / Altered,Black,196,Marvel Comics,-,bad,128
461,Mister Zsasz,Male,blue,Human,Blond,NA,DC Comics,-,bad,NA
462,Mockingbird,Female,blue,Human,Blond,175,Marvel Comics,-,good,61
463,MODOK,Male,white,Cyborg,Brownn,366,Marvel Comics,-,bad,338
464,Mogo,Male,-,Planet,-,NA,DC Comics,-,good,NA
465,Mohinder Suresh,Male,-,-,-,NA,NBC - Heroes,-,good,NA
466,Moloch,Male,-,-,-,NA,DC Comics,-,bad,NA
467,Molten Man,Male,gold,-,Gold,196,Marvel Comics,-,bad,248
468,Monarch,Male,blue,-,White,193,DC Comics,-,good,90
469,Monica Dawson,Female,-,-,-,NA,NBC - Heroes,-,good,NA
470,Moon Knight,Male,brown,Human,Brown,188,Marvel Comics,-,good,101
471,Moonstone,Female,blue,-,Blond,180,Marvel Comics,-,bad,59
472,Morlun,Male,white / red,-,Black,188,Marvel Comics,-,bad,79
473,Morph,Male,white,-,No Hair,178,Marvel Comics,-,good,79
474,Moses Magnum,Male,brown,-,Black,175,Marvel Comics,-,bad,72
475,Mr Immortal,Male,blue,Mutant,Blond,188,Marvel Comics,-,good,70
476,Mr Incredible,Male,blue,Human,Blond,201,Dark Horse Comics,-,good,158
477,Ms Marvel II,Female,blue,-,Red,173,Marvel Comics,-,good,61
478,Multiple Man,Male,blue,-,Brown,180,Marvel Comics,-,good,70
479,Mysterio,Male,brown,Human,No Hair,180,Marvel Comics,-,bad,79
480,Mystique,Female,yellow (without irises),Mutant,Red / Orange,178,Marvel Comics,blue,bad,54
481,Namor,Male,-,-,-,NA,Marvel Comics,-,good,NA
482,Namor,Male,grey,Atlantean,Black,188,Marvel Comics,-,good,125
483,Namora,Female,blue,-,Blond,180,Marvel Comics,-,good,85
484,Namorita,Female,blue,-,Blond,168,Marvel Comics,-,good,101
485,Naruto Uzumaki,Male,-,Human,-,168,Shueisha,-,good,54
486,Nathan Petrelli,Male,brown,-,-,NA,NBC - Heroes,-,good,NA
487,Nebula,Female,blue,Luphomoid,No Hair,185,Marvel Comics,blue,bad,83
488,Negasonic Teenage Warhead,Female,black,Mutant,Black,NA,Marvel Comics,-,good,NA
489,Nick Fury,Male,brown,Human,Brown / White,185,Marvel Comics,-,good,99
490,Nightcrawler,Male,yellow,-,Indigo,175,Marvel Comics,-,good,88
491,Nightwing,Male,blue,Human,Black,178,DC Comics,-,good,79
492,Niki Sanders,Female,blue,-,Blond,NA,NBC - Heroes,-,good,NA
493,Nina Theroux,Female,-,Alpha,-,NA,SyFy,-,good,NA
494,Nite Owl II,Male,-,-,-,NA,DC Comics,-,good,NA
495,Northstar,Male,blue,-,Black,180,Marvel Comics,-,good,83
496,Nova,Male,brown,Human,Brown,185,Marvel Comics,-,good,86
497,Nova,Female,white,Human / Cosmic,Red,163,Marvel Comics,gold,good,59
498,Odin,Male,blue,God / Eternal,White,206,Marvel Comics,-,good,293
499,Offspring,Male,-,-,-,NA,DC Comics,-,good,NA
500,Omega Red,Male,red,-,Blond,211,Marvel Comics,-,bad,191
501,Omniscient,Male,brown,-,Black,180,Team Epic TV,-,good,65
502,One Punch Man,Male,-,Human,No Hair,175,Shueisha,-,good,69
503,One-Above-All,-,-,Cosmic Entity,-,NA,Marvel Comics,-,neutral,NA
504,Onslaught,Male,red,Mutant,No Hair,305,Marvel Comics,-,bad,405
505,Oracle,Female,blue,Human,Red,178,DC Comics,-,good,59
506,Osiris,Male,brown,-,Brown,NA,DC Comics,-,good,NA
507,Overtkill,Male,-,-,-,NA,Image Comics,-,bad,NA
508,Ozymandias,Male,blue,Human,Blond,NA,DC Comics,-,bad,NA
509,Parademon,-,-,Parademon,-,NA,DC Comics,-,bad,NA
510,Paul Blart,Male,-,Human,-,170,Sony Pictures,-,good,117
511,Penance,-,-,-,-,NA,Marvel Comics,-,good,NA
512,Penance I,Female,-,-,-,NA,Marvel Comics,-,good,NA
513,Penance II,Male,blue,-,Blond,183,Marvel Comics,-,good,89
514,Penguin,Male,blue,Human,Black,157,DC Comics,-,bad,79
515,Peter Petrelli,Male,-,-,-,NA,NBC - Heroes,-,good,NA
516,Phantom,Male,-,-,-,NA,DC Comics,-,good,NA
517,Phantom Girl,Female,blue,-,Black,168,DC Comics,-,good,54
518,Phoenix,Female,green,Mutant,Red,168,Marvel Comics,-,good,52
519,Plantman,Male,green,Mutant,Grey,183,Marvel Comics,-,bad,87
520,Plastic Lad,Male,-,-,-,NA,DC Comics,-,good,NA
521,Plastic Man,Male,blue,Human,Black,185,DC Comics,-,good,80
522,Plastique,Female,blue,-,Red,168,DC Comics,-,bad,55
523,Poison Ivy,Female,green,Human,Red,168,DC Comics,green,bad,50
524,Polaris,Female,green,Mutant,Green,170,Marvel Comics,-,good,52
525,Power Girl,Female,blue,Kryptonian,blond,180,DC Comics,-,good,81
526,Power Man,Male,-,Mutant,-,NA,Marvel Comics,-,good,NA
527,Predator,Male,-,Yautja,-,213,Dark Horse Comics,-,bad,234
528,Professor X,Male,blue,Mutant,No Hair,183,Marvel Comics,-,good,86
529,Professor Zoom,Male,blue,Human,Strawberry Blond,180,DC Comics,-,bad,81
530,Proto-Goblin,Male,green,-,Blond,NA,Marvel Comics,-,bad,NA
531,Psylocke,Female,blue,Mutant,Purple,180,Marvel Comics,-,good,70
532,Punisher,Male,blue,Human,Black,183,Marvel Comics,-,good,90
533,Purple Man,Male,purple,Human,Purple,180,Marvel Comics,purple,bad,74
534,Pyro,Male,blue,-,Blond,178,Marvel Comics,-,bad,68
535,Q,Male,-,God / Eternal,-,NA,Star Trek,-,-,NA
536,Quantum,Male,-,-,-,NA,HarperCollins,-,good,NA
537,Question,Male,blue,Human,Blond,188,DC Comics,-,good,83
538,Quicksilver,Male,blue,Mutant,Silver,183,Marvel Comics,-,good,79
539,Quill,Male,brown,-,Brown,163,Marvel Comics,-,good,56
540,Ra's Al Ghul,Male,green,Human,Grey,193,DC Comics,-,bad,97
541,Rachel Pirzad,Female,-,Alpha,-,NA,SyFy,-,good,NA
542,Rambo,Male,brown,Human,Black,178,(Missing),-,good,83
543,Raphael,Male,-,Mutant,No Hair,NA,IDW Publishing,green,good,NA
544,Raven,Female,indigo,Human,Black,165,DC Comics,-,neutral,50
545,Ray,Male,green,Human,Red,178,DC Comics,-,good,70
546,Razor-Fist II,Male,blue,-,No Hair,191,Marvel Comics,-,bad,117
547,Red Arrow,Male,green,Human,Red,180,DC Comics,-,good,83
548,Red Hood,Male,blue,Human,Black,183,DC Comics,-,neutral,81
549,Red Hulk,Male,yellow,Human / Radiation,Black,213,Marvel Comics,red,neutral,630
550,Red Mist,Male,-,-,-,NA,Icon Comics,-,bad,NA
551,Red Robin,Male,blue,Human,Black,165,DC Comics,-,good,56
552,Red Skull,Male,blue,-,No Hair,188,Marvel Comics,-,bad,108
553,Red Tornado,Male,green,Android,No Hair,185,DC Comics,-,good,146
554,Redeemer II,Male,-,-,-,NA,Image Comics,-,bad,NA
555,Redeemer III,Male,-,-,-,NA,Image Comics,-,bad,NA
556,Renata Soliz,Female,-,-,-,NA,HarperCollins,-,good,NA
557,Rey,Female,hazel,Human,Brown,297,George Lucas,-,good,NA
558,Rhino,Male,brown,Human / Radiation,Brown,196,Marvel Comics,-,bad,320
559,Rick Flag,Male,blue,-,Brown,185,DC Comics,-,bad,85
560,Riddler,Male,-,-,-,NA,DC Comics,-,bad,NA
561,Rip Hunter,Male,blue,Human,Blond,NA,DC Comics,-,good,NA
562,Ripcord,Female,green,-,Black,180,Marvel Comics,-,good,72
563,Robin,Male,blue,Human,Black,178,DC Comics,-,good,79
564,Robin II,Male,blue,Human,Red,183,DC Comics,-,good,101
565,Robin III,Male,blue,Human,Black,165,DC Comics,-,good,56
566,Robin V,Male,blue,Human,Black,137,DC Comics,-,good,38
567,Robin VI,Female,green,Human,Red,NA,DC Comics,-,neutral,NA
568,Rocket Raccoon,Male,brown,Animal,Brown,122,Marvel Comics,-,good,25
569,Rogue,Female,green,-,Brown / White,173,Marvel Comics,-,good,54
570,Ronin,Male,blue,Human,Blond,191,Marvel Comics,-,good,104
571,Rorschach,Male,blue,Human,Red,168,DC Comics,-,good,63
572,Sabretooth,Male,amber,Mutant,Blond,198,Marvel Comics,-,bad,171
573,Sage,Female,blue,-,Black,170,Marvel Comics,-,good,61
574,Sandman,Male,brown,Human,Brown,185,Marvel Comics,-,neutral,203
575,Sasquatch,Male,red,-,Orange,305,Marvel Comics,-,good,900
576,Sauron,Male,-,Maiar,-,279,J. R. R. Tolkien,-,bad,NA
577,Savage Dragon,Male,-,-,-,NA,Image Comics,-,good,NA
578,Scarecrow,Male,blue,Human,Brown,183,DC Comics,-,bad,63
579,Scarlet Spider,Male,blue,Human,Blond,178,Marvel Comics,-,good,74
580,Scarlet Spider II,Male,brown,Clone,Brown,193,Marvel Comics,-,good,113
581,Scarlet Witch,Female,blue,Mutant,Brown,170,Marvel Comics,-,bad,59
582,Scorpia,Female,green,-,Red,NA,Marvel Comics,-,bad,NA
583,Scorpion,Male,brown,Human,Brown,211,Marvel Comics,-,bad,310
584,Sebastian Shaw,Male,-,Mutant,-,NA,Marvel Comics,-,bad,NA
585,Sentry,Male,blue,Mutant,Blond,188,Marvel Comics,-,neutral,87
586,Shadow King,-,red,-,-,185,Marvel Comics,-,good,149
587,Shadow Lass,Female,black,Talokite,Black,173,DC Comics,blue,good,54
588,Shadowcat,Female,hazel,Mutant,Brown,168,Marvel Comics,-,good,50
589,Shang-Chi,Male,brown,Human,Black,178,Marvel Comics,-,good,79
590,Shatterstar,Male,brown,-,Red,191,Marvel Comics,-,good,88
591,She-Hulk,Female,green,Human,Green,201,Marvel Comics,-,good,315
592,She-Thing,Female,blue,Human / Radiation,No Hair,183,Marvel Comics,-,good,153
593,Shocker,Male,brown,Human,Brown,175,Marvel Comics,-,bad,79
594,Shriek,Female,yellow / blue,-,Black,173,Marvel Comics,-,good,52
595,Shrinking Violet,Female,-,-,-,NA,DC Comics,-,good,NA
596,Sif,Female,blue,Asgardian,Black,188,Marvel Comics,-,good,191
597,Silk,Female,brown,Human,Black,NA,Marvel Comics,-,good,NA
598,Silk Spectre,Female,-,-,-,NA,DC Comics,-,good,NA
599,Silk Spectre II,Female,-,-,-,NA,DC Comics,-,good,NA
600,Silver Surfer,Male,white,Alien,No Hair,193,Marvel Comics,silver,good,101
601,Silverclaw,Female,brown,-,Black,157,Marvel Comics,-,good,50
602,Simon Baz,Male,bown,Human,Black,NA,DC Comics,-,good,NA
603,Sinestro,Male,black,Korugaran,Black,201,DC Comics,red,neutral,92
604,Siren,Female,blue,Atlantean,Purple,175,DC Comics,-,bad,72
605,Siren II,Female,black,-,-,NA,DC Comics,-,bad,NA
606,Siryn,Female,blue,-,Strawberry Blond,168,Marvel Comics,-,bad,52
607,Skaar,Male,green,-,Black,198,Marvel Comics,-,good,180
608,Snake-Eyes,Male,-,Animal,-,NA,Marvel Comics,-,bad,NA
609,Snowbird,Female,white,-,Blond,178,Marvel Comics,-,good,49
610,Sobek,Male,white,-,No Hair,NA,DC Comics,-,good,NA
611,Solomon Grundy,Male,black,Zombie,White,279,DC Comics,-,bad,437
612,Songbird,Female,green,-,Red / White,165,Marvel Comics,-,good,65
613,Space Ghost,Male,-,Human,-,188,DC Comics,-,good,113
614,Spawn,Male,brown,Demon,Black,211,Image Comics,-,good,405
615,Spectre,Male,white,God / Eternal,No Hair,NA,DC Comics,white,good,NA
616,Speedball,Male,-,-,-,NA,Marvel Comics,-,good,NA
617,Speedy,Male,-,Human,-,NA,DC Comics,-,good,NA
618,Speedy,Female,green,Human,Brown,NA,DC Comics,-,good,NA
619,Spider-Carnage,Male,-,Symbiote,-,NA,Marvel Comics,-,bad,NA
620,Spider-Girl,Female,blue,Human,Brown,170,Marvel Comics,-,good,54
621,Spider-Gwen,Female,blue,Human,Blond,165,Marvel Comics,-,good,56
622,Spider-Man,Male,hazel,Human,Brown,178,Marvel Comics,-,good,74
623,Spider-Man,-,red,Human,Brown,178,Marvel Comics,-,good,77
624,Spider-Man,Male,brown,Human,Black,157,Marvel Comics,-,good,56
625,Spider-Woman,Female,green,Human,Black,178,Marvel Comics,-,good,59
626,Spider-Woman II,Female,-,-,-,NA,Marvel Comics,-,good,NA
627,Spider-Woman III,Female,brown,-,Brown,173,Marvel Comics,-,good,55
628,Spider-Woman IV,Female,red,-,White,178,Marvel Comics,-,bad,58
629,Spock,Male,brown,Human-Vulcan,Black,185,Star Trek,-,good,81
630,Spyke,Male,brown,Mutant,Blond,183,Marvel Comics,-,good,83
631,Stacy X,Female,-,-,-,NA,Marvel Comics,-,good,NA
632,Star-Lord,Male,blue,Human-Spartoi,Blond,188,Marvel Comics,-,good,79
633,Stardust,Male,-,-,-,NA,Marvel Comics,-,good,NA
634,Starfire,Female,green,Tamaranean,Auburn,193,DC Comics,orange,good,71
635,Stargirl,Female,blue,Human,Blond,165,DC Comics,-,good,62
636,Static,Male,brown,Mutant,Black,170,DC Comics,-,good,63
637,Steel,Male,brown,-,No Hair,201,DC Comics,-,good,131
638,Stephanie Powell,Female,-,-,Blond,NA,ABC Studios,-,good,NA
639,Steppenwolf,Male,red,New God,Black,183,DC Comics,white,bad,91
640,Storm,Female,blue,Mutant,White,180,Marvel Comics,-,good,57
641,Stormtrooper,Male,-,Human,-,183,George Lucas,-,bad,NA
642,Sunspot,Male,brown,Mutant,black,173,Marvel Comics,-,good,77
643,Superboy,Male,blue,-,Black,170,DC Comics,-,good,68
644,Superboy-Prime,Male,blue,Kryptonian,Black / Blue,180,DC Comics,-,bad,77
645,Supergirl,Female,blue,Kryptonian,Blond,165,DC Comics,-,good,54
646,Superman,Male,blue,Kryptonian,Black,191,DC Comics,-,good,101
647,Swamp Thing,Male,red,God / Eternal,No Hair,NA,DC Comics,green,bad,NA
648,Swarm,Male,yellow,Mutant,No Hair,196,Marvel Comics,yellow,bad,47
649,Sylar,Male,-,-,-,NA,NBC - Heroes,-,bad,NA
650,Synch,Male,brown,-,Black,180,Marvel Comics,-,good,74
651,T-1000,Male,-,Android,-,183,Dark Horse Comics,silver,bad,146
652,T-800,Male,red,Cyborg,-,NA,Dark Horse Comics,-,bad,176
653,T-850,Male,red,Cyborg,-,NA,Dark Horse Comics,-,bad,198
654,T-X,Female,-,Cyborg,-,NA,Dark Horse Comics,silver,bad,149
655,Taskmaster,Male,brown,Human,Brown,188,Marvel Comics,-,bad,99
656,Tempest,Female,brown,-,Black,163,Marvel Comics,-,good,54
657,Thanos,Male,red,Eternal,No Hair,201,Marvel Comics,purple,bad,443
658,The Cape,Male,-,-,-,NA,(Missing),-,good,NA
659,The Comedian,Male,brown,Human,Black,188,DC Comics,-,neutral,101
660,Thing,Male,blue,Human / Radiation,No Hair,183,Marvel Comics,-,good,225
661,Thor,Male,blue,Asgardian,Blond,198,Marvel Comics,-,good,288
662,Thor Girl,Female,blue,Asgardian,Blond,175,Marvel Comics,-,good,143
663,Thunderbird,Male,brown,-,Black,185,Marvel Comics,-,good,101
664,Thunderbird II,Male,-,-,-,NA,Marvel Comics,-,good,NA
665,Thunderbird III,Male,brown,-,Black,175,Marvel Comics,-,good,74
666,Thunderstrike,Male,blue,-,Blond,198,Marvel Comics,-,good,288
667,Thundra,Female,green,-,Red,218,Marvel Comics,-,good,158
668,Tiger Shark,Male,grey,Human,No Hair,185,Marvel Comics,grey,bad,203
669,Tigra,Female,green,-,Auburn,178,Marvel Comics,-,good,81
670,Tinkerer,Male,brown,-,White,163,Marvel Comics,-,bad,54
671,Titan,Male,-,-,-,NA,HarperCollins,-,good,NA
672,Toad,Male,black,Mutant,Brown,175,Marvel Comics,green,neutral,76
673,Toxin,Male,blue,Symbiote,Brown,188,Marvel Comics,-,good,97
674,Toxin,Male,black,Symbiote,Blond,191,Marvel Comics,-,good,117
675,Tracy Strauss,Female,-,-,-,NA,NBC - Heroes,-,good,NA
676,Trickster,Male,blue,Human,Blond,183,DC Comics,-,-,81
677,Trigon,Male,yellow,God / Eternal,Black,NA,DC Comics,red,bad,NA
678,Triplicate Girl,Female,purple,-,Brown,168,DC Comics,-,good,59
679,Triton,Male,green,Inhuman,No Hair,188,Marvel Comics,green,good,86
680,Two-Face,Male,-,-,-,183,DC Comics,-,bad,82
681,Ultragirl,Female,blue,-,Blond,168,Marvel Comics,-,good,105
682,Ultron,Male,red,Android,-,206,Marvel Comics,silver,bad,331
683,Utgard-Loki,Male,blue,Frost Giant,White,15.2,Marvel Comics,-,bad,58
684,Vagabond,Female,blue,-,Strawberry Blond,168,Marvel Comics,-,good,54
685,Valerie Hart,Female,hazel,-,Black,175,Team Epic TV,-,good,56
686,Valkyrie,Female,blue,-,Blond,191,Marvel Comics,-,good,214
687,Vanisher,Male,green,-,No Hair,165,Marvel Comics,-,bad,79
688,Vegeta,Male,-,Saiyan,Black,168,Shueisha,-,bad,73
689,Venom,Male,blue,Symbiote,Strawberry Blond,191,Marvel Comics,-,bad,117
690,Venom II,Male,brown,-,Black,175,Marvel Comics,-,bad,50
691,Venom III,Male,brown,Symbiote,Brown,229,Marvel Comics,-,bad,334
692,Venompool,Male,-,Symbiote,-,226,Marvel Comics,-,-,NA
693,Vertigo II,Female,blue,-,Silver,168,Marvel Comics,-,good,52
694,Vibe,Male,brown,Human,Black,178,DC Comics,-,good,71
695,Vindicator,Female,green,Human,Red,165,Marvel Comics,-,good,54
696,Vindicator,Male,-,-,-,NA,Marvel Comics,-,good,NA
697,Violator,Male,-,-,-,NA,Image Comics,-,bad,NA
698,Violet Parr,Female,violet,Human,Black,137,Dark Horse Comics,-,good,41
699,Vision,Male,gold,Android,No Hair,191,Marvel Comics,red,good,135
700,Vision II,-,red,-,No Hair,191,Marvel Comics,-,good,135
701,Vixen,Female,amber,Human,Black,175,DC Comics,-,good,63
702,Vulcan,Male,black,-,Black,NA,Marvel Comics,-,good,NA
703,Vulture,Male,brown,Human,No Hair,180,Marvel Comics,-,bad,79
704,Walrus,Male,blue,Human,Black,183,Marvel Comics,-,bad,162
705,War Machine,Male,brown,Human,Brown,185,Marvel Comics,-,good,95
706,Warbird,Female,blue,-,Blond,180,Marvel Comics,-,good,54
707,Warlock,Male,red,-,Blond,188,Marvel Comics,-,good,108
708,Warp,Male,brown,-,Black,173,DC Comics,-,bad,67
709,Warpath,Male,brown,Mutant,Black,218,Marvel Comics,-,good,158
710,Wasp,Female,blue,Human,Auburn,163,Marvel Comics,-,good,50
711,Watcher,Male,-,-,-,NA,Marvel Comics,-,good,NA
712,Weapon XI,Male,-,-,-,NA,Marvel Comics,-,bad,NA
713,White Canary,Female,brown,Human,Black,NA,DC Comics,-,bad,NA
714,White Queen,Female,blue,-,Blond,178,Marvel Comics,-,good,65
715,Wildfire,Male,-,-,-,NA,DC Comics,-,good,NA
716,Winter Soldier,Male,brown,Human,Brown,175,Marvel Comics,-,good,117
717,Wiz Kid,-,brown,-,Black,140,Marvel Comics,-,good,39
718,Wolfsbane,Female,green,-,Auburn,366,Marvel Comics,-,good,473
719,Wolverine,Male,blue,Mutant,Black,160,Marvel Comics,-,good,135
720,Wonder Girl,Female,blue,Demi-God,Blond,165,DC Comics,-,good,51
721,Wonder Man,Male,red,-,Black,188,Marvel Comics,-,good,171
722,Wonder Woman,Female,blue,Amazon,Black,183,DC Comics,-,good,74
723,Wondra,Female,-,-,-,NA,Marvel Comics,-,good,NA
724,Wyatt Wingfoot,Male,brown,-,Black,196,Marvel Comics,-,good,117
725,X-23,Female,green,Mutant / Clone,Black,155,Marvel Comics,-,good,50
726,X-Man,Male,blue,-,Brown,175,Marvel Comics,-,good,61
727,Yellow Claw,Male,blue,-,No Hair,188,Marvel Comics,-,bad,95
728,Yellowjacket,Male,blue,Human,Blond,183,Marvel Comics,-,good,83
729,Yellowjacket II,Female,blue,Human,Strawberry Blond,165,Marvel Comics,-,good,52
730,Ymir,Male,white,Frost Giant,No Hair,304.8,Marvel Comics,white,good,NA
731,Yoda,Male,brown,Yoda's species,White,66,George Lucas,green,good,17
732,Zatanna,Female,blue,Human,Black,170,DC Comics,-,good,57
733,Zoom,Male,red,-,Brown,185,DC Comics,-,bad,81